SUBKEY,LUMAPCODE,TIMESTEP
55_99_20416_4,1,5
55_7_20099_3,2,5
55_7_20706_3,3,5
55_31_20440_3,4,5
55_41_29079_2,5,5
55_125_20261_2,6,5
55_3_20447_4,7,5
55_125_20443_4,8,5
55_125_20003_2,9,5
55_83_20396_1,10,5
55_3_20001_1,11,5
55_37_29027_3,12,5
55_37_20018_4,13,5
55_3_20164_3,14,5
55_51_20396_4,15,5
55_3_20156_1,16,5
55_119_20128_3,17,5
55_78_20064_3,18,5
55_75_20692_3,19,5
55_37_20143_2,20,5
55_119_20075_4,21,5
55_31_20164_3,22,5
55_3_20360_4,23,5
55_85_20063_3,24,5
55_51_20435_2,25,5
55_3_20225_2,26,5
55_3_20002_3,27,5
55_3_20587_1,28,5
55_99_20230_4,29,5
55_7_29045_3,30,5
55_3_20102_2,31,5
55_41_20008_1,32,5
55_113_20210_3,33,5
55_7_20126_2,34,5
55_113_20464_4,35,5
55_51_20239_1,36,5
55_99_20588_1,37,5
55_83_20108_3,38,5
55_67_20414_4,39,5
55_41_20361_1,40,5
55_51_20397_3,41,5
55_41_20282_1,42,5
55_129_20284_2,43,5
55_75_20610_4,44,5
55_75_20751_1,45,5
55_7_20380_1,46,5
55_83_20293_3,47,5
55_51_20351_2,48,5
55_29_20162_2,49,5
55_37_20132_4,50,5
55_51_20091_1,51,5
55_41_29066_1,52,5
55_3_20331_1,53,5
55_31_20313_4,54,5
55_135_20077_2,55,5
55_85_20659_1,56,5
55_37_20213_2,57,5
55_119_20254_1,58,5
55_85_20385_1,59,5
55_113_20003_3,60,5
55_69_20375_2,61,5
55_7_20544_4,62,5
55_69_20098_1,63,5
55_67_20124_1,64,5
55_99_20361_1,65,5
55_113_20550_1,66,5
55_31_20654_4,67,5
55_125_20412_2,68,5
55_51_20009_4,69,5
55_67_20369_3,70,5
55_113_20206_2,71,5
55_125_20283_1,72,5
55_3_20588_3,73,5
55_99_20184_1,74,5
55_7_20640_1,75,5
55_3_20307_4,76,5
55_31_20561_3,77,5
55_113_20123_3,78,5
55_67_20360_1,79,5
55_3_20528_2,80,5
55_41_20357_1,81,5
55_31_20039_3,82,5
55_83_20444_4,83,5
55_99_20370_1,84,5
55_51_20212_3,85,5
55_51_20353_1,86,5
55_125_20407_1,87,5
55_7_20698_1,88,5
55_3_20217_2,89,5
55_31_20701_1,90,5
55_41_29023_3,91,5
55_67_20281_3,92,5
55_7_20715_3,93,5
55_113_20591_3,94,5
55_69_20008_2,95,5
55_31_20001_4,96,5
55_85_20104_3,97,5
55_29_20035_3,98,5
55_67_20147_3,99,5
55_3_20367_2,100,5
55_3_20384_1,101,5
55_3_20059_4,102,5
55_85_20213_4,103,5
55_41_20217_4,104,5
55_69_20379_1,105,5
55_115_20033_1,106,5
55_75_20588_2,107,5
55_99_20538_4,108,5
55_41_20388_1,109,5
55_69_20169_4,110,5
55_69_20386_3,111,5
55_67_20466_2,112,5
55_51_20448_4,113,5
55_73_20166_2,114,5
55_3_20612_2,115,5
55_69_20060_1,116,5
55_67_20196_2,117,5
55_125_20467_4,118,5
55_7_29032_4,119,5
55_85_20336_1,120,5
55_41_20149_2,121,5
55_3_20444_1,122,5
55_125_29007_3,123,5
55_51_20188_4,124,5
55_31_20103_1,125,5
55_119_20157_2,126,5
55_75_20587_1,127,5
55_7_20498_4,128,5
55_7_20638_3,129,5
55_85_20474_2,130,5
55_69_20396_3,131,5
55_75_20542_3,132,5
55_7_20287_1,133,5
55_7_20536_4,134,5
55_67_20230_3,135,5
55_75_20570_1,136,5
55_99_20047_4,137,5
55_75_20695_2,138,5
55_37_20225_2,139,5
55_129_20255_2,140,5
55_53_20381_4,141,5
55_115_20007_3,142,5
55_17_20493_3,143,5
55_31_20675_2,144,5
55_113_20498_3,145,5
55_3_20530_4,146,5
55_85_20477_3,147,5
55_119_20376_1,148,5
55_119_20462_4,149,5
55_129_20428_2,150,5
55_125_20017_3,151,5
55_41_20395_1,152,5
55_51_20243_1,153,5
55_7_20281_4,154,5
55_85_20515_1,155,5
55_113_20368_1,156,5
55_113_20429_2,157,5
55_99_20065_3,158,5
55_7_20604_2,159,5
55_75_20527_1,160,5
55_99_29021_3,161,5
55_41_20308_2,162,5
55_3_20246_4,163,5
55_31_20552_1,164,5
55_13_20420_3,165,5
55_125_20418_1,166,5
55_67_20244_3,167,5
55_99_29001_2,168,5
55_99_20529_1,169,5
55_69_20114_4,170,5
55_51_20018_1,171,5
55_99_29032_3,172,5
55_85_20314_1,173,5
55_41_29017_1,174,5
55_51_20214_4,175,5
55_85_20227_3,176,5
55_85_20103_2,177,5
55_141_20120_1,178,5
55_85_20584_2,179,5
55_78_20095_1,180,5
55_41_20066_2,181,5
55_51_20162_4,182,5
55_85_20287_2,183,5
55_85_20162_1,184,5
55_41_20371_1,185,5
55_69_20306_4,186,5
55_3_10662_3,187,5
55_51_20111_4,188,5
55_75_20127_4,189,5
55_129_20399_3,190,5
55_125_20462_1,191,5
55_75_20687_4,192,5
55_7_20268_1,193,5
55_81_20168_2,194,5
55_53_20213_4,195,5
55_125_20191_3,196,5
55_85_20469_1,197,5
55_13_20436_3,198,5
55_7_20359_2,199,5
55_41_20360_1,200,5
55_53_20038_3,201,5
55_13_20024_3,202,5
55_1_20133_4,203,5
55_13_20402_1,204,5
55_137_20161_1,205,5
55_53_20420_1,206,5
55_13_20282_4,207,5
55_1_20251_4,208,5
55_81_20463_4,209,5
55_77_20254_2,210,5
55_53_20410_3,211,5
55_125_20410_1,212,5
55_125_20001_2,213,5
55_137_20267_2,214,5
55_53_20113_2,215,5
55_31_20531_3,216,5
55_75_20232_2,217,5
55_97_20073_1,218,5
55_78_20059_3,219,5
55_1_20268_1,220,5
55_19_20597_2,221,5
55_135_20293_2,222,5
55_57_20303_1,223,5
55_81_20210_4,224,5
55_83_20430_3,225,5
55_53_20401_1,226,5
55_19_20411_4,227,5
55_19_20428_3,228,5
55_53_20283_3,229,5
55_53_20068_1,230,5
55_81_20418_2,231,5
55_135_20345_2,232,5
55_57_20205_3,233,5
55_53_20102_3,234,5
55_141_20196_2,235,5
55_13_20462_4,236,5
55_85_20505_1,237,5
55_137_20326_3,238,5
55_141_20078_2,239,5
55_137_20205_1,240,5
55_53_20466_1,241,5
55_75_20010_4,242,5
55_83_20324_4,243,5
55_1_20307_1,244,5
55_113_20264_2,245,5
55_19_20111_3,246,5
55_69_20368_1,247,5
55_19_20219_4,248,5
55_135_20186_1,249,5
55_53_20404_3,250,5
55_135_20314_2,251,5
55_35_20180_3,252,5
55_57_20345_1,253,5
55_1_20184_3,254,5
55_75_20265_4,255,5
55_81_20071_3,256,5
55_99_29035_4,257,5
55_135_20183_1,258,5
55_71_20160_1,259,5
55_71_20329_3,260,5
55_71_20090_4,261,5
55_135_20316_1,262,5
55_29_20467_3,263,5
55_3_20638_3,264,5
55_99_20137_4,265,5
55_78_20007_4,266,5
55_78_20200_2,267,5
55_99_20485_4,268,5
55_75_20130_4,269,5
55_73_20110_1,270,5
55_29_20437_2,271,5
55_78_20036_4,272,5
55_119_20114_3,273,5
55_121_20335_3,274,5
55_121_20327_1,275,5
55_63_20204_1,276,5
55_25_20597_2,277,5
55_65_20252_4,278,5
55_109_20120_4,279,5
55_105_20025_3,280,5
55_65_20314_4,281,5
55_81_20352_2,282,5
55_35_20323_3,283,5
55_53_20459_2,284,5
55_97_20328_3,285,5
55_15_20060_4,286,5
55_65_20079_4,287,5
55_53_20469_1,288,5
55_75_20193_4,289,5
55_129_20410_2,290,5
55_85_20559_4,291,5
55_35_20293_2,292,5
55_129_20409_4,293,5
55_125_20437_3,294,5
55_7_20181_1,295,5
55_35_20084_4,296,5
55_75_20606_3,297,5
55_3_20256_4,298,5
55_107_20370_2,299,5
55_125_20394_4,300,5
55_75_20667_4,301,5
55_137_20060_2,302,5
55_73_20641_1,303,5
55_107_20230_1,304,5
55_11_20098_4,305,5
55_125_20386_4,306,5
55_17_20445_2,307,5
55_123_20185_2,308,5
55_35_20272_4,309,5
55_35_20253_3,310,5
55_19_20366_2,311,5
55_19_20175_1,312,5
55_3_20113_4,313,5
55_13_20426_4,314,5
55_17_20391_3,315,5
55_73_20687_1,316,5
55_75_20674_2,317,5
55_7_20712_4,318,5
55_37_20128_2,319,5
55_41_20088_4,320,5
55_17_20525_2,321,5
55_7_20717_1,322,5
55_19_20559_3,323,5
55_113_20017_1,324,5
55_7_20330_4,325,5
55_95_20097_1,326,5
55_19_20021_1,327,5
55_17_20288_3,328,5
55_7_20655_2,329,5
55_125_20414_3,330,5
55_113_20605_1,331,5
55_113_20652_4,332,5
55_7_20611_4,333,5
55_33_20331_2,334,5
55_35_20273_2,335,5
55_135_20085_3,336,5
55_119_20106_2,337,5
55_31_20163_4,338,5
55_3_20532_1,339,5
55_95_20130_1,340,5
55_51_20062_4,341,5
55_7_29021_1,342,5
55_81_20280_3,343,5
55_7_20684_2,344,5
55_35_20089_2,345,5
55_107_20327_2,346,5
55_41_20401_4,347,5
55_7_20320_1,348,5
55_75_20668_4,349,5
55_129_20294_1,350,5
55_83_20385_3,351,5
55_113_20535_4,352,5
55_13_20384_4,353,5
55_135_20318_1,354,5
55_13_20379_3,355,5
55_13_20034_1,356,5
55_31_20670_4,357,5
55_99_20174_3,358,5
55_19_20567_4,359,5
55_125_20504_2,360,5
55_125_29001_3,361,5
55_78_20207_1,362,5
55_19_20515_2,363,5
55_125_20331_4,364,5
55_137_20305_4,365,5
55_107_20055_2,366,5
55_19_20060_4,367,5
55_51_20406_2,368,5
55_83_20013_4,369,5
55_69_20333_4,370,5
55_19_20557_4,371,5
55_69_20002_3,372,5
55_83_20393_3,373,5
55_7_20451_3,374,5
55_17_20475_4,375,5
55_53_20100_2,376,5
55_75_20621_2,377,5
55_83_20388_3,378,5
55_67_20129_4,379,5
55_41_20040_1,380,5
55_109_20141_3,381,5
55_67_20141_1,382,5
55_78_20210_3,383,5
55_51_20334_3,384,5
55_41_20013_3,385,5
55_113_20103_1,386,5
55_67_20337_3,387,5
55_67_20364_3,388,5
55_41_20359_2,389,5
55_123_20073_4,390,5
55_125_20313_4,391,5
55_78_20071_3,392,5
55_7_20649_2,393,5
55_107_20248_2,394,5
55_7_20382_4,395,5
55_3_20630_1,396,5
55_45_20244_1,397,5
55_125_20119_1,398,5
55_73_20742_2,399,5
55_119_20332_3,400,5
55_125_20143_1,401,5
55_119_20096_1,402,5
55_125_20488_2,403,5
55_3_20297_4,404,5
55_113_20598_4,405,5
55_51_20389_4,406,5
55_41_20126_1,407,5
55_107_20284_2,408,5
55_99_20565_1,409,5
55_67_20465_3,410,5
55_78_20222_1,411,5
55_67_20338_1,412,5
55_41_20296_1,413,5
55_43_20276_4,414,5
55_129_20207_4,415,5
55_33_20369_1,416,5
55_125_20374_2,417,5
55_69_20392_1,418,5
55_43_20450_3,419,5
55_85_20138_3,420,5
55_73_20808_2,421,5
55_3_20202_3,422,5
55_19_20546_4,423,5
55_125_20446_1,424,5
55_7_20290_2,425,5
55_99_20030_1,426,5
55_51_20133_2,427,5
55_73_20129_1,428,5
55_3_20287_1,429,5
55_51_20102_3,430,5
55_99_20007_1,431,5
55_123_20388_3,432,5
55_113_20392_1,433,5
55_7_20506_2,434,5
55_113_20509_1,435,5
55_78_20228_2,436,5
55_125_20393_4,437,5
55_107_20302_2,438,5
55_103_20090_4,439,5
55_95_20185_1,440,5
55_51_20033_1,441,5
55_57_20016_1,442,5
55_113_20586_1,443,5
55_7_20220_1,444,5
55_33_20231_1,445,5
55_113_20273_4,446,5
55_109_20353_1,447,5
55_67_20172_4,448,5
55_41_20214_3,449,5
55_129_20363_4,450,5
55_33_20389_1,451,5
55_69_20163_3,452,5
55_3_20017_3,453,5
55_67_20094_1,454,5
55_67_20191_4,455,5
55_31_20610_2,456,5
55_78_20230_2,457,5
55_123_20212_1,458,5
55_3_20636_3,459,5
55_107_20459_2,460,5
55_73_20196_3,461,5
55_3_20609_3,462,5
55_125_20447_1,463,5
55_51_20255_1,464,5
55_119_20397_4,465,5
55_125_20203_3,466,5
55_107_20060_4,467,5
55_83_20030_4,468,5
55_73_20203_1,469,5
55_49_20213_4,470,5
55_7_20711_1,471,5
55_7_20018_2,472,5
55_73_20684_2,473,5
55_49_20328_3,474,5
55_7_20755_1,475,5
55_29_20104_2,476,5
55_141_20179_1,477,5
55_129_20287_2,478,5
55_107_20251_3,479,5
55_7_20654_1,480,5
55_107_20184_1,481,5
55_7_20554_3,482,5
55_125_29012_3,483,5
55_129_20074_1,484,5
55_7_20745_4,485,5
55_53_20316_4,486,5
55_75_20394_3,487,5
55_31_20562_1,488,5
55_125_20379_3,489,5
55_125_20396_1,490,5
55_7_20742_3,491,5
55_31_20530_1,492,5
55_41_20238_4,493,5
55_111_20291_1,494,5
55_93_20221_2,495,5
55_11_20193_4,496,5
55_63_20004_4,497,5
55_43_20559_4,498,5
55_121_20224_4,499,5
55_113_20315_1,500,5
55_69_20063_3,501,5
55_23_20222_3,502,5
55_121_20050_4,503,5
55_11_20321_3,504,5
55_121_20048_4,505,5
55_123_20204_4,506,5
55_53_20197_4,507,5
55_11_20106_1,508,5
55_67_20440_2,509,5
55_119_20380_2,510,5
55_99_20314_1,511,5
55_69_20437_3,512,5
55_85_20167_2,513,5
55_123_20236_2,514,5
55_141_20081_1,515,5
55_99_29033_3,516,5
55_113_20227_2,517,5
55_41_20175_4,518,5
55_29_20150_1,519,5
55_115_20395_3,520,5
55_141_20279_1,521,5
55_51_20055_3,522,5
55_19_20420_3,523,5
55_119_20263_4,524,5
55_31_20306_3,525,5
55_119_20045_1,526,5
55_129_20377_3,527,5
55_7_20409_2,528,5
55_31_20650_4,529,5
55_51_20014_1,530,5
55_7_20073_3,531,5
55_107_20168_3,532,5
55_51_20402_4,533,5
55_78_20055_4,534,5
55_13_20009_2,535,5
55_83_20106_4,536,5
55_71_20063_1,537,5
55_75_20088_4,538,5
55_113_20211_1,539,5
55_107_20363_2,540,5
55_41_20269_2,541,5
55_55_20052_2,542,5
55_83_20127_2,543,5
55_75_20424_3,544,5
55_51_20342_3,545,5
55_5_20386_4,546,5
55_107_20268_2,547,5
55_115_20027_1,548,5
55_99_20359_1,549,5
55_51_20335_1,550,5
55_13_20051_1,551,5
55_95_20422_1,552,5
55_51_20321_4,553,5
55_99_20556_2,554,5
55_99_20285_2,555,5
55_69_20332_2,556,5
55_115_20357_4,557,5
55_99_20443_2,558,5
55_75_20689_1,559,5
55_41_20288_2,560,5
55_141_20084_2,561,5
55_115_20445_1,562,5
55_31_20214_1,563,5
55_119_20180_1,564,5
55_99_20061_3,565,5
55_31_20236_2,566,5
55_51_20170_4,567,5
55_119_20317_3,568,5
55_107_20440_2,569,5
55_9_20237_4,570,5
55_119_20231_2,571,5
55_7_20391_2,572,5
55_109_20065_2,573,5
55_71_20378_2,574,5
55_29_20451_1,575,5
55_103_20017_2,576,5
55_17_20453_1,577,5
55_121_20076_1,578,5
55_117_20047_1,579,5
55_99_20503_1,580,5
55_75_20454_2,581,5
55_61_20100_2,582,5
55_67_20358_4,583,5
55_71_20369_4,584,5
55_91_10236_2,585,5
55_99_20535_2,586,5
55_113_20190_3,587,5
55_29_20459_4,588,5
55_109_20220_2,589,5
55_107_20323_2,590,5
55_103_20136_3,591,5
55_51_20141_4,592,5
55_133_20214_1,593,5
55_113_20649_4,594,5
55_7_20646_2,595,5
55_75_20068_2,596,5
55_7_20609_2,597,5
55_95_20220_4,598,5
55_129_20031_4,599,5
55_129_20268_4,600,5
55_113_20541_4,601,5
55_113_29011_1,602,5
55_119_20419_3,603,5
55_73_20735_2,604,5
55_129_20050_1,605,5
55_99_20446_4,606,5
55_13_20199_2,607,5
55_83_20440_3,608,5
55_111_20278_4,609,5
55_3_20338_1,610,5
55_78_20100_2,611,5
55_7_20574_1,612,5
55_23_20181_3,613,5
55_113_20274_3,614,5
55_113_20145_2,615,5
55_75_20071_3,616,5
55_107_20313_2,617,5
55_43_20039_1,618,5
55_17_20025_4,619,5
55_119_20429_4,620,5
55_5_20344_1,621,5
55_35_20296_4,622,5
55_37_20008_2,623,5
55_31_20435_1,624,5
55_129_20314_4,625,5
55_5_20299_3,626,5
55_113_20327_2,627,5
55_23_20216_1,628,5
55_113_20532_3,629,5
55_7_20444_3,630,5
55_31_20594_3,631,5
55_107_20362_2,632,5
55_113_20253_1,633,5
55_113_20536_2,634,5
55_123_20209_3,635,5
55_41_20365_3,636,5
55_129_20403_1,637,5
55_7_20055_3,638,5
55_119_20421_4,639,5
55_113_20466_4,640,5
55_41_20141_1,641,5
55_41_20171_4,642,5
55_75_20433_1,643,5
55_111_20247_2,644,5
55_113_29006_4,645,5
55_113_20508_4,646,5
55_23_20283_4,647,5
55_99_20427_1,648,5
55_9_20007_4,649,5
55_5_20178_2,650,5
55_95_20455_3,651,5
55_107_20375_2,652,5
55_113_20215_4,653,5
55_57_20383_3,654,5
55_13_20039_2,655,5
55_129_20379_3,656,5
55_95_20363_1,657,5
55_129_20306_2,658,5
55_7_20621_3,659,5
55_83_20348_2,660,5
55_83_20485_2,661,5
55_75_20662_4,662,5
55_35_20173_2,663,5
55_43_20113_2,664,5
55_69_20458_2,665,5
55_53_20196_1,666,5
55_85_20629_2,667,5
55_19_20436_1,668,5
55_125_20387_4,669,5
55_75_20314_3,670,5
55_119_29016_4,671,5
55_7_20644_4,672,5
55_53_20036_1,673,5
55_7_20286_4,674,5
55_75_20373_4,675,5
55_31_20564_3,676,5
55_7_20453_1,677,5
55_37_20114_1,678,5
55_19_20485_2,679,5
55_129_20411_4,680,5
55_83_20328_4,681,5
55_113_20112_3,682,5
55_69_20067_2,683,5
55_99_20444_1,684,5
55_31_20704_2,685,5
55_115_20089_1,686,5
55_73_20766_3,687,5
55_67_20201_1,688,5
55_37_20157_2,689,5
55_125_20395_3,690,5
55_107_20371_2,691,5
55_31_20518_2,692,5
55_31_20040_1,693,5
55_3_20642_3,694,5
55_31_20700_1,695,5
55_37_20167_4,696,5
55_73_20643_3,697,5
55_83_20182_1,698,5
55_37_20020_3,699,5
55_69_20028_1,700,5
55_7_20418_4,701,5
55_119_20238_1,702,5
55_7_20278_3,703,5
55_67_20402_2,704,5
55_41_20402_4,705,5
55_37_20234_4,706,5
55_69_20110_1,707,5
55_113_20493_2,708,5
55_115_20450_1,709,5
55_31_20581_1,710,5
55_37_20104_1,711,5
55_69_20329_4,712,5
55_73_20645_3,713,5
55_41_20355_1,714,5
55_29_20029_2,715,5
55_85_20046_1,716,5
55_107_20217_3,717,5
55_73_20723_1,718,5
55_99_20466_4,719,5
55_51_20274_2,720,5
55_41_20352_4,721,5
55_67_20335_3,722,5
55_95_20437_3,723,5
55_7_20333_3,724,5
55_51_20032_1,725,5
55_85_20050_3,726,5
55_119_20087_3,727,5
55_129_20416_4,728,5
55_17_20244_1,729,5
55_85_20582_1,730,5
55_37_20138_2,731,5
55_3_20601_3,732,5
55_125_20497_2,733,5
55_129_20330_4,734,5
55_7_20283_3,735,5
55_5_20409_4,736,5
55_7_20696_1,737,5
55_113_20592_2,738,5
55_41_20372_4,739,5
55_19_20410_2,740,5
55_99_20433_2,741,5
55_31_20699_3,742,5
55_99_20591_2,743,5
55_85_20470_3,744,5
55_31_20143_2,745,5
55_75_20724_1,746,5
55_31_20298_3,747,5
55_125_20358_3,748,5
55_85_20634_4,749,5
55_5_20078_3,750,5
55_125_20383_4,751,5
55_119_20379_2,752,5
55_31_20676_3,753,5
55_85_20423_2,754,5
55_85_20427_4,755,5
55_75_20074_4,756,5
55_41_20305_2,757,5
55_109_20319_3,758,5
55_31_20671_2,759,5
55_85_20484_1,760,5
55_41_20325_2,761,5
55_67_20059_1,762,5
55_13_20422_4,763,5
55_69_20070_1,764,5
55_125_20043_2,765,5
55_113_20469_3,766,5
55_125_20385_3,767,5
55_5_20374_2,768,5
55_69_20385_2,769,5
55_99_20567_4,770,5
55_125_20466_3,771,5
55_67_20329_2,772,5
55_7_20656_4,773,5
55_85_20309_3,774,5
55_85_20353_1,775,5
55_41_20303_1,776,5
55_17_20498_4,777,5
55_7_20182_1,778,5
55_7_20217_4,779,5
55_69_20010_4,780,5
55_69_20325_4,781,5
55_99_20548_2,782,5
55_51_20355_3,783,5
55_7_20650_4,784,5
55_7_29031_2,785,5
55_119_20328_1,786,5
55_75_20005_1,787,5
55_17_20095_2,788,5
55_141_20404_3,789,5
55_85_20093_3,790,5
55_3_29037_4,791,5
55_125_20491_1,792,5
55_129_20465_2,793,5
55_75_20485_4,794,5
55_1_20303_1,795,5
55_113_20363_3,796,5
55_121_20046_4,797,5
55_7_20692_2,798,5
55_85_20355_3,799,5
55_19_20045_4,800,5
55_113_20241_3,801,5
55_57_20392_4,802,5
55_99_20478_2,803,5
55_123_20382_3,804,5
55_99_20287_4,805,5
55_51_20266_2,806,5
55_75_20626_2,807,5
55_99_20534_1,808,5
55_7_20484_1,809,5
55_107_20291_3,810,5
55_99_20532_4,811,5
55_141_20201_1,812,5
55_99_20464_2,813,5
55_99_29025_1,814,5
55_107_20138_2,815,5
55_51_20363_4,816,5
55_83_20380_3,817,5
55_37_20244_4,818,5
55_7_20753_4,819,5
55_73_20175_3,820,5
55_59_20064_4,821,5
55_69_20426_4,822,5
55_7_29036_3,823,5
55_41_20204_3,824,5
55_69_20089_3,825,5
55_85_20610_1,826,5
55_41_20135_4,827,5
55_85_20552_2,828,5
55_17_20473_1,829,5
55_137_20053_3,830,5
55_121_20269_3,831,5
55_63_20016_1,832,5
55_7_20693_3,833,5
55_137_20131_2,834,5
55_1_20271_2,835,5
55_49_20325_2,836,5
55_41_29064_4,837,5
55_115_20236_1,838,5
55_31_20226_1,839,5
55_1_20026_4,840,5
55_125_20378_3,841,5
55_113_20121_2,842,5
55_137_20045_2,843,5
55_129_20339_4,844,5
55_77_20149_2,845,5
55_17_20471_4,846,5
55_75_20775_4,847,5
55_129_20145_2,848,5
55_1_20262_4,849,5
55_1_20179_2,850,5
55_97_20181_4,851,5
55_41_20356_3,852,5
55_109_20128_2,853,5
55_107_20380_4,854,5
55_137_20183_1,855,5
55_113_20139_2,856,5
55_111_20346_3,857,5
55_33_20319_3,858,5
55_41_29020_2,859,5
55_111_20381_3,860,5
55_107_20355_2,861,5
55_11_20267_2,862,5
55_59_20273_3,863,5
55_99_20490_1,864,5
55_113_20205_2,865,5
55_137_20118_3,866,5
55_1_20196_3,867,5
55_93_20173_4,868,5
55_3_29007_2,869,5
55_81_20017_3,870,5
55_129_20329_3,871,5
55_41_20341_2,872,5
55_43_20517_1,873,5
55_77_20097_3,874,5
55_77_20040_1,875,5
55_81_20441_4,876,5
55_57_20212_3,877,5
55_121_20290_4,878,5
55_123_20117_1,879,5
55_129_20372_1,880,5
55_1_10349_3,881,5
55_7_20205_3,882,5
55_97_20111_4,883,5
55_137_20293_4,884,5
55_13_20040_3,885,5
55_13_20045_2,886,5
55_53_20119_4,887,5
55_1_20122_1,888,5
55_141_20303_1,889,5
55_7_20294_2,890,5
55_129_20226_2,891,5
55_57_20413_2,892,5
55_85_20331_2,893,5
55_57_20424_2,894,5
55_109_20037_4,895,5
55_13_20243_3,896,5
55_31_20018_4,897,5
55_19_20492_3,898,5
55_53_20011_3,899,5
55_31_20338_2,900,5
55_63_20229_4,901,5
55_85_20228_1,902,5
55_81_20078_1,903,5
55_135_20285_2,904,5
55_7_20096_4,905,5
55_7_20108_3,906,5
55_19_20554_1,907,5
55_37_20206_4,908,5
55_115_20018_1,909,5
55_7_20619_4,910,5
55_13_20368_4,911,5
55_31_20060_2,912,5
55_35_20322_3,913,5
55_31_20526_2,914,5
55_13_20236_4,915,5
55_13_20424_1,916,5
55_129_20157_2,917,5
55_77_20143_1,918,5
55_63_20233_1,919,5
55_97_20030_1,920,5
55_53_20080_4,921,5
55_125_20169_1,922,5
55_5_20264_4,923,5
55_75_20308_1,924,5
55_1_20077_3,925,5
55_129_20070_2,926,5
55_19_20290_3,927,5
55_95_20497_1,928,5
55_95_20279_2,929,5
55_77_20227_4,930,5
55_107_20417_4,931,5
55_5_20423_4,932,5
55_81_20141_4,933,5
55_91_20054_2,934,5
55_81_20432_2,935,5
55_111_20133_3,936,5
55_67_20085_3,937,5
55_1_20153_2,938,5
55_1_20125_3,939,5
55_127_20144_1,940,5
55_57_20324_1,941,5
55_1_20248_4,942,5
55_1_20237_4,943,5
55_1_20166_4,944,5
55_81_20462_3,945,5
55_53_20488_3,946,5
55_81_20066_2,947,5
55_53_20287_1,948,5
55_57_20389_3,949,5
55_1_20312_4,950,5
55_53_20040_1,951,5
55_57_20385_1,952,5
55_1_20315_3,953,5
55_57_20040_1,954,5
55_57_20416_2,955,5
55_1_20012_1,956,5
55_43_20358_1,957,5
55_1_20292_4,958,5
55_109_20223_4,959,5
55_95_20413_4,960,5
55_91_20229_1,961,5
55_81_20385_3,962,5
55_53_20007_2,963,5
55_95_20460_4,964,5
55_17_20474_2,965,5
55_11_20165_2,966,5
55_81_20321_2,967,5
55_123_20261_4,968,5
55_43_20423_4,969,5
55_111_20202_4,970,5
55_43_20514_4,971,5
55_1_20103_2,972,5
55_55_20232_1,973,5
55_131_20020_3,974,5
55_103_20256_2,975,5
55_45_20071_1,976,5
55_78_20120_2,977,5
55_37_20120_1,978,5
55_141_20205_2,979,5
55_23_20211_4,980,5
55_9_20037_1,981,5
55_119_20199_4,982,5
55_33_20381_4,983,5
55_93_20063_4,984,5
55_1_20273_4,985,5
55_33_20195_3,986,5
55_17_20107_3,987,5
55_43_20308_1,988,5
55_123_20391_4,989,5
55_73_20452_4,990,5
55_49_20026_1,991,5
55_99_20554_1,992,5
55_105_20006_1,993,5
55_41_29042_1,994,5
55_78_20085_4,995,5
55_81_20437_2,996,5
55_41_20326_2,997,5
55_39_20199_3,998,5
55_111_20067_4,999,5
55_29_20113_3,1000,5
55_91_20231_3,1001,5
55_109_20157_4,1002,5
55_23_20168_3,1003,5
55_101_20285_4,1004,5
55_115_20392_3,1005,5
55_73_20492_3,1006,5
55_15_20019_1,1007,5
55_115_20410_4,1008,5
55_43_20161_4,1009,5
55_27_20323_2,1010,5
55_11_20291_1,1011,5
55_78_20030_3,1012,5
55_65_20292_3,1013,5
55_23_20232_2,1014,5
55_23_20212_3,1015,5
55_11_20168_2,1016,5
55_73_20737_2,1017,5
55_75_20051_2,1018,5
55_93_20260_2,1019,5
55_55_20026_1,1020,5
55_81_20348_2,1021,5
55_115_20442_4,1022,5
55_113_20616_2,1023,5
55_111_20173_1,1024,5
55_49_20279_2,1025,5
55_71_20023_2,1026,5
55_121_20091_1,1027,5
55_11_20022_1,1028,5
55_137_20147_4,1029,5
55_11_20047_1,1030,5
55_43_20460_1,1031,5
55_5_20195_3,1032,5
55_23_20059_3,1033,5
55_103_20254_3,1034,5
55_49_20128_4,1035,5
55_133_20174_4,1036,5
55_23_20053_3,1037,5
55_115_20266_4,1038,5
55_99_20090_4,1039,5
55_87_20006_2,1040,5
55_65_20286_4,1041,5
55_103_20209_1,1042,5
55_93_20123_2,1043,5
55_115_20332_1,1044,5
55_21_20015_4,1045,5
55_81_20096_3,1046,5
55_107_20091_1,1047,5
55_49_20294_1,1048,5
55_57_20216_1,1049,5
55_119_20311_4,1050,5
55_93_20230_3,1051,5
55_5_20416_2,1052,5
55_19_20085_1,1053,5
55_81_20439_2,1054,5
55_111_20401_1,1055,5
55_43_20121_2,1056,5
55_29_20087_2,1057,5
55_49_20147_3,1058,5
55_78_20225_2,1059,5
55_123_20238_3,1060,5
55_57_20152_4,1061,5
55_77_20153_2,1062,5
55_11_20310_1,1063,5
55_119_20313_2,1064,5
55_51_20039_4,1065,5
55_137_20033_2,1066,5
55_67_20283_1,1067,5
55_51_20401_4,1068,5
55_11_20155_2,1069,5
55_127_20223_3,1070,5
55_19_20493_2,1071,5
55_7_20528_2,1072,5
55_119_20286_4,1073,5
55_63_20165_1,1074,5
55_3_20169_2,1075,5
55_99_20209_4,1076,5
55_85_20504_3,1077,5
55_41_20343_1,1078,5
55_87_20283_3,1079,5
55_23_20260_3,1080,5
55_129_20016_4,1081,5
55_125_20326_2,1082,5
55_113_20341_1,1083,5
55_83_20319_4,1084,5
55_21_20301_1,1085,5
55_33_20116_3,1086,5
55_137_20109_2,1087,5
55_133_20179_4,1088,5
55_17_20408_2,1089,5
55_25_20106_2,1090,5
55_35_20143_2,1091,5
55_19_20044_3,1092,5
55_31_20655_2,1093,5
55_73_20530_1,1094,5
55_109_20276_1,1095,5
55_69_20129_1,1096,5
55_51_20337_4,1097,5
55_9_20274_1,1098,5
55_125_20384_3,1099,5
55_41_20276_4,1100,5
55_41_20064_2,1101,5
55_95_20122_4,1102,5
55_19_20320_2,1103,5
55_3_20189_3,1104,10
55_107_20168_3,1105,10
55_7_20652_2,1106,10
55_125_20131_1,1107,10
55_3_20586_1,1108,10
55_3_20002_3,1109,10
55_115_20368_3,1110,10
55_51_20233_4,1111,10
55_29_20058_2,1112,10
55_31_20701_1,1113,10
55_31_20561_3,1114,10
55_125_20027_1,1115,10
55_83_20108_3,1116,10
55_51_20130_3,1117,10
55_67_20352_3,1118,10
55_67_20434_1,1119,10
55_125_20395_3,1120,10
55_51_20292_1,1121,10
55_7_20247_1,1122,10
55_125_20003_2,1123,10
55_3_20587_1,1124,10
55_107_20392_2,1125,10
55_41_20083_3,1126,10
55_7_20418_4,1127,10
55_51_20239_1,1128,10
55_3_20507_1,1129,10
55_67_20273_2,1130,10
55_115_20358_2,1131,10
55_85_20063_3,1132,10
55_73_20674_1,1133,10
55_31_20638_1,1134,10
55_41_20282_1,1135,10
55_51_20212_3,1136,10
55_51_20108_3,1137,10
55_3_20447_4,1138,10
55_99_29025_1,1139,10
55_29_20162_2,1140,10
55_41_20064_2,1141,10
55_85_20372_3,1142,10
55_73_20671_4,1143,10
55_41_20076_3,1144,10
55_125_20437_3,1145,10
55_51_20435_2,1146,10
55_83_20315_4,1147,10
55_113_20206_2,1148,10
55_75_20610_4,1149,10
55_125_20167_2,1150,10
55_41_20290_3,1151,10
55_41_20130_1,1152,10
55_85_20474_2,1153,10
55_51_20091_1,1154,10
55_7_20706_3,1155,10
55_113_20003_3,1156,10
55_119_20428_4,1157,10
55_3_20384_1,1158,10
55_83_20030_4,1159,10
55_31_20313_4,1160,10
55_125_20283_1,1161,10
55_83_20068_2,1162,10
55_3_20126_4,1163,10
55_3_20529_1,1164,10
55_69_20110_1,1165,10
55_83_20399_2,1166,10
55_37_20251_4,1167,10
55_75_20588_2,1168,10
55_17_20450_1,1169,10
55_51_20396_4,1170,10
55_125_20011_3,1171,10
55_125_20399_1,1172,10
55_7_20583_3,1173,10
55_69_20207_3,1174,10
55_69_20424_3,1175,10
55_135_20018_1,1176,10
55_41_20107_2,1177,10
55_75_20751_1,1178,10
55_41_20289_2,1179,10
55_99_20047_4,1180,10
55_51_20403_1,1181,10
55_3_20320_1,1182,10
55_37_20244_4,1183,10
55_7_20053_4,1184,10
55_83_20053_1,1185,10
55_51_20060_3,1186,10
55_7_20287_1,1187,10
55_7_20654_1,1188,10
55_41_20217_4,1189,10
55_51_20111_4,1190,10
55_125_20457_3,1191,10
55_37_20116_3,1192,10
55_113_20317_1,1193,10
55_99_20566_4,1194,10
55_99_20588_1,1195,10
55_99_20525_2,1196,10
55_7_20611_4,1197,10
55_41_29023_3,1198,10
55_67_20443_3,1199,10
55_67_20196_2,1200,10
55_7_20641_1,1201,10
55_125_20323_3,1202,10
55_113_29025_1,1203,10
55_41_29079_2,1204,10
55_7_20011_3,1205,10
55_67_20016_4,1206,10
55_69_20332_2,1207,10
55_69_20341_2,1208,10
55_73_20254_4,1209,10
55_7_20281_4,1210,10
55_67_20447_4,1211,10
55_67_20124_1,1212,10
55_41_20246_2,1213,10
55_51_20188_4,1214,10
55_3_20167_4,1215,10
55_115_20033_1,1216,10
55_85_20336_1,1217,10
55_69_20227_4,1218,10
55_41_20374_2,1219,10
55_51_20399_2,1220,10
55_41_20093_3,1221,10
55_69_20347_3,1222,10
55_113_20578_1,1223,10
55_37_20039_1,1224,10
55_119_20157_2,1225,10
55_7_20005_1,1226,10
55_69_20329_4,1227,10
55_67_20003_1,1228,10
55_75_20542_3,1229,10
55_41_20212_4,1230,10
55_99_20502_3,1231,10
55_37_20213_2,1232,10
55_31_20039_3,1233,10
55_85_20274_2,1234,10
55_113_20612_2,1235,10
55_99_20532_4,1236,10
55_7_20567_4,1237,10
55_75_20394_3,1238,10
55_83_20396_1,1239,10
55_85_20439_4,1240,10
55_7_20440_4,1241,10
55_7_20539_4,1242,10
55_51_20187_2,1243,10
55_85_20130_4,1244,10
55_51_20406_2,1245,10
55_99_29021_3,1246,10
55_113_20550_1,1247,10
55_51_20274_2,1248,10
55_99_20138_2,1249,10
55_75_20562_2,1250,10
55_115_20293_3,1251,10
55_115_20445_1,1252,10
55_75_20071_3,1253,10
55_73_20527_4,1254,10
55_113_20498_3,1255,10
55_95_20058_1,1256,10
55_125_20017_3,1257,10
55_119_29016_4,1258,10
55_85_20162_1,1259,10
55_51_20222_2,1260,10
55_73_20196_3,1261,10
55_41_20308_2,1262,10
55_129_20428_2,1263,10
55_31_20409_3,1264,10
55_75_20127_4,1265,10
55_125_20041_1,1266,10
55_119_20347_4,1267,10
55_7_20181_1,1268,10
55_69_20432_2,1269,10
55_85_20504_3,1270,10
55_3_20194_3,1271,10
55_83_20457_4,1272,10
55_69_20306_4,1273,10
55_3_20246_4,1274,10
55_125_20211_4,1275,10
55_99_20027_3,1276,10
55_51_20214_4,1277,10
55_107_20149_4,1278,10
55_29_20141_4,1279,10
55_69_20379_1,1280,10
55_119_20178_2,1281,10
55_85_20417_4,1282,10
55_41_29017_1,1283,10
55_85_20103_2,1284,10
55_99_29032_3,1285,10
55_41_20319_1,1286,10
55_75_20695_2,1287,10
55_7_20610_4,1288,10
55_85_20227_3,1289,10
55_85_20477_3,1290,10
55_141_20283_2,1291,10
55_41_20346_2,1292,10
55_99_20065_3,1293,10
55_57_20104_3,1294,10
55_78_20223_2,1295,10
55_13_20436_3,1296,10
55_81_20233_1,1297,10
55_17_20491_1,1298,10
55_31_20611_3,1299,10
55_57_20076_1,1300,10
55_53_20175_2,1301,10
55_57_20046_3,1302,10
55_1_20184_3,1303,10
55_53_20324_2,1304,10
55_135_20248_2,1305,10
55_1_20266_1,1306,10
55_35_20021_2,1307,10
55_81_20430_4,1308,10
55_7_29053_2,1309,10
55_97_20413_4,1310,10
55_53_20403_4,1311,10
55_57_20329_1,1312,10
55_35_20002_4,1313,10
55_115_20034_1,1314,10
55_75_20010_4,1315,10
55_1_20307_1,1316,10
55_33_20411_1,1317,10
55_19_20462_2,1318,10
55_57_20392_4,1319,10
55_97_20073_1,1320,10
55_53_20113_2,1321,10
55_75_20616_4,1322,10
55_57_20205_3,1323,10
55_113_20152_1,1324,10
55_83_20438_4,1325,10
55_7_20452_2,1326,10
55_53_20514_4,1327,10
55_1_20071_2,1328,10
55_53_20102_3,1329,10
55_57_20345_1,1330,10
55_135_20313_4,1331,10
55_53_20068_1,1332,10
55_141_20078_2,1333,10
55_81_20384_3,1334,10
55_78_20059_3,1335,10
55_53_20078_4,1336,10
55_57_20287_1,1337,10
55_53_20471_3,1338,10
55_19_20373_1,1339,10
55_71_20329_3,1340,10
55_29_20306_3,1341,10
55_71_20362_4,1342,10
55_29_20004_3,1343,10
55_29_20435_2,1344,10
55_78_20200_2,1345,10
55_115_20037_1,1346,10
55_78_20007_4,1347,10
55_113_20501_3,1348,10
55_73_20362_1,1349,10
55_78_20220_4,1350,10
55_121_20091_1,1351,10
55_25_20491_4,1352,10
55_11_20167_4,1353,10
55_11_20044_4,1354,10
55_39_20079_4,1355,10
55_89_20333_2,1356,10
55_25_20106_2,1357,10
55_49_20100_1,1358,10
55_105_20003_1,1359,10
55_109_20159_4,1360,10
55_137_20060_2,1361,10
55_73_20620_2,1362,10
55_17_20517_2,1363,10
55_41_20088_4,1364,10
55_129_20410_2,1365,10
55_85_20526_3,1366,10
55_35_20253_3,1367,10
55_83_20182_1,1368,10
55_31_20306_3,1369,10
55_111_20173_1,1370,10
55_113_20470_4,1371,10
55_107_20367_4,1372,10
55_13_20463_4,1373,10
55_129_20379_3,1374,10
55_129_20341_2,1375,10
55_73_20691_2,1376,10
55_83_20106_4,1377,10
55_113_20017_1,1378,10
55_81_20280_3,1379,10
55_75_20667_4,1380,10
55_99_20007_1,1381,10
55_53_20469_1,1382,10
55_17_20525_2,1383,10
55_57_20385_1,1384,10
55_35_20047_2,1385,10
55_81_20420_1,1386,10
55_99_20029_4,1387,10
55_53_20404_3,1388,10
55_95_20368_4,1389,10
55_73_20766_3,1390,10
55_19_20372_2,1391,10
55_53_20487_2,1392,10
55_75_20226_2,1393,10
55_35_20117_1,1394,10
55_57_20017_4,1395,10
55_5_20315_3,1396,10
55_81_20418_2,1397,10
55_19_20490_2,1398,10
55_69_20144_1,1399,10
55_75_20753_4,1400,10
55_51_20355_3,1401,10
55_113_20652_4,1402,10
55_37_20224_2,1403,10
55_57_20382_1,1404,10
55_107_20352_2,1405,10
55_75_20630_4,1406,10
55_19_20194_1,1407,10
55_85_20632_3,1408,10
55_13_20081_1,1409,10
55_129_20227_2,1410,10
55_11_20098_4,1411,10
55_129_20133_1,1412,10
55_13_20335_1,1413,10
55_35_20272_4,1414,10
55_113_20579_2,1415,10
55_13_20062_4,1416,10
55_57_20047_2,1417,10
55_37_20139_4,1418,10
55_31_20163_4,1419,10
55_125_20504_2,1420,10
55_57_20324_1,1421,10
55_19_20060_4,1422,10
55_129_20070_2,1423,10
55_57_20071_1,1424,10
55_121_20245_3,1425,10
55_13_20444_1,1426,10
55_41_20056_3,1427,10
55_107_20395_2,1428,10
55_125_20175_2,1429,10
55_129_20128_2,1430,10
55_119_20089_2,1431,10
55_125_20466_3,1432,10
55_81_20017_3,1433,10
55_125_20089_3,1434,10
55_135_20285_2,1435,10
55_37_20114_1,1436,10
55_107_20055_2,1437,10
55_99_20202_1,1438,10
55_13_20379_3,1439,10
55_13_20462_4,1440,10
55_31_20600_2,1441,10
55_78_20207_1,1442,10
55_125_20380_1,1443,10
55_31_20128_3,1444,10
55_89_20002_2,1445,10
55_75_20621_2,1446,10
55_83_20393_3,1447,10
55_125_20384_3,1448,10
55_119_20202_1,1449,10
55_69_20028_1,1450,10
55_137_20305_4,1451,10
55_99_20471_3,1452,10
55_129_20372_1,1453,10
55_7_20108_3,1454,10
55_69_20070_1,1455,10
55_41_20297_1,1456,10
55_95_20097_1,1457,10
55_63_20200_3,1458,10
55_31_20236_2,1459,10
55_51_20134_1,1460,10
55_73_20641_1,1461,10
55_99_20466_4,1462,10
55_17_20453_1,1463,10
55_113_20535_4,1464,10
55_69_20396_3,1465,10
55_57_20342_3,1466,10
55_83_20388_3,1467,10
55_115_20332_1,1468,10
55_19_20502_3,1469,10
55_33_20201_1,1470,10
55_41_20013_3,1471,10
55_69_20392_1,1472,10
55_67_20367_2,1473,10
55_7_20657_1,1474,10
55_78_20210_3,1475,10
55_123_20137_3,1476,10
55_3_20606_3,1477,10
55_91_10236_2,1478,10
55_41_20299_4,1479,10
55_73_20171_4,1480,10
55_33_20369_1,1481,10
55_69_20381_2,1482,10
55_45_20244_1,1483,10
55_129_20207_4,1484,10
55_99_20449_1,1485,10
55_31_20518_2,1486,10
55_75_20603_1,1487,10
55_73_20689_4,1488,10
55_67_20263_1,1489,10
55_3_20603_3,1490,10
55_119_20231_2,1491,10
55_5_20338_4,1492,10
55_7_20468_2,1493,10
55_95_20116_3,1494,10
55_141_20101_4,1495,10
55_37_20121_4,1496,10
55_107_20001_3,1497,10
55_113_20512_3,1498,10
55_3_20216_2,1499,10
55_67_20375_1,1500,10
55_119_20431_1,1501,10
55_69_20333_4,1502,10
55_41_20118_4,1503,10
55_107_20043_1,1504,10
55_135_20301_1,1505,10
55_67_20141_1,1506,10
55_107_20362_2,1507,10
55_99_20530_1,1508,10
55_41_20126_1,1509,10
55_78_20224_2,1510,10
55_67_20408_3,1511,10
55_81_20272_1,1512,10
55_107_20439_1,1513,10
55_31_20136_2,1514,10
55_113_20586_1,1515,10
55_3_20043_4,1516,10
55_125_20270_2,1517,10
55_78_20245_3,1518,10
55_5_20224_4,1519,10
55_103_20152_3,1520,10
55_3_20560_1,1521,10
55_125_20374_2,1522,10
55_51_20123_3,1523,10
55_113_20327_2,1524,10
55_125_20304_4,1525,10
55_3_20630_1,1526,10
55_19_20232_2,1527,10
55_41_20392_1,1528,10
55_3_20509_2,1529,10
55_37_20099_2,1530,10
55_113_20650_4,1531,10
55_103_20187_2,1532,10
55_73_20013_2,1533,10
55_129_20363_4,1534,10
55_9_20262_4,1535,10
55_119_20325_4,1536,10
55_41_20397_3,1537,10
55_51_20038_2,1538,10
55_37_20097_4,1539,10
55_73_20129_1,1540,10
55_119_20435_1,1541,10
55_51_20173_1,1542,10
55_33_20337_1,1543,10
55_107_20382_4,1544,10
55_99_29018_1,1545,10
55_3_20268_4,1546,10
55_119_20106_2,1547,10
55_71_20350_3,1548,10
55_115_20420_3,1549,10
55_115_20399_2,1550,10
55_41_20420_1,1551,10
55_71_20174_1,1552,10
55_115_20344_1,1553,10
55_67_20444_4,1554,10
55_73_20632_3,1555,10
55_69_20453_3,1556,10
55_31_20099_4,1557,10
55_125_20169_1,1558,10
55_75_20600_1,1559,10
55_83_20127_2,1560,10
55_7_20708_4,1561,10
55_125_20396_1,1562,10
55_119_20185_3,1563,10
55_81_20306_1,1564,10
55_103_20145_3,1565,10
55_115_20046_3,1566,10
55_7_20126_2,1567,10
55_37_20068_3,1568,10
55_3_20271_3,1569,10
55_113_20464_4,1570,10
55_125_20385_3,1571,10
55_7_20596_1,1572,10
55_113_20294_3,1573,10
55_7_20702_2,1574,10
55_67_20244_3,1575,10
55_31_20562_1,1576,10
55_57_20200_1,1577,10
55_11_20106_1,1578,10
55_111_20222_4,1579,10
55_63_20114_2,1580,10
55_119_20332_3,1581,10
55_121_20129_3,1582,10
55_5_20374_2,1583,10
55_105_20198_4,1584,10
55_43_20460_1,1585,10
55_49_20237_4,1586,10
55_113_20649_4,1587,10
55_117_20072_4,1588,10
55_63_20145_4,1589,10
55_121_20286_3,1590,10
55_23_20186_3,1591,10
55_135_20323_4,1592,10
55_113_20227_2,1593,10
55_69_20437_3,1594,10
55_113_20456_2,1595,10
55_111_20180_4,1596,10
55_3_20074_3,1597,10
55_113_20282_3,1598,10
55_69_20461_4,1599,10
55_107_20275_1,1600,10
55_73_20110_1,1601,10
55_37_20157_2,1602,10
55_119_20180_1,1603,10
55_75_20602_4,1604,10
55_51_20334_3,1605,10
55_37_29027_3,1606,10
55_69_20430_3,1607,10
55_17_20473_1,1608,10
55_129_20103_3,1609,10
55_78_20228_2,1610,10
55_7_20391_2,1611,10
55_41_20358_3,1612,10
55_95_20363_1,1613,10
55_63_20205_1,1614,10
55_99_20314_1,1615,10
55_129_20398_1,1616,10
55_83_20083_3,1617,10
55_23_20234_4,1618,10
55_67_20442_3,1619,10
55_73_20072_2,1620,10
55_107_20281_4,1621,10
55_67_20315_3,1622,10
55_141_20329_4,1623,10
55_83_20439_2,1624,10
55_75_20051_2,1625,10
55_129_20377_3,1626,10
55_75_20074_4,1627,10
55_73_20684_2,1628,10
55_7_20073_3,1629,10
55_7_20494_2,1630,10
55_29_20467_3,1631,10
55_31_20394_3,1632,10
55_5_20386_4,1633,10
55_99_20184_1,1634,10
55_107_20323_2,1635,10
55_7_20618_1,1636,10
55_67_20064_2,1637,10
55_107_20166_2,1638,10
55_119_20216_2,1639,10
55_119_20019_1,1640,10
55_7_20698_1,1641,10
55_31_20214_1,1642,10
55_95_20441_1,1643,10
55_111_20336_2,1644,10
55_119_20184_2,1645,10
55_113_20546_1,1646,10
55_51_20342_3,1647,10
55_115_20167_4,1648,10
55_113_20027_3,1649,10
55_119_20383_4,1650,10
55_113_20325_1,1651,10
55_119_20468_3,1652,10
55_67_20465_3,1653,10
55_119_20042_4,1654,10
55_31_20298_3,1655,10
55_119_20255_1,1656,10
55_17_20019_2,1657,10
55_55_20052_2,1658,10
55_139_20220_4,1659,10
55_3_20171_1,1660,10
55_115_20365_3,1661,10
55_99_20503_1,1662,10
55_121_20076_1,1663,10
55_39_20025_4,1664,10
55_107_20012_2,1665,10
55_129_20283_4,1666,10
55_119_20260_2,1667,10
55_83_20303_4,1668,10
55_115_20027_1,1669,10
55_7_20444_3,1670,10
55_7_20636_4,1671,10
55_29_20513_1,1672,10
55_19_20559_3,1673,10
55_75_20454_2,1674,10
55_107_20440_2,1675,10
55_78_20071_3,1676,10
55_13_20442_4,1677,10
55_95_20220_4,1678,10
55_129_20264_4,1679,10
55_13_20437_4,1680,10
55_107_20342_2,1681,10
55_73_20408_1,1682,10
55_67_20351_1,1683,10
55_7_20620_2,1684,10
55_67_20418_3,1685,10
55_3_20628_3,1686,10
55_81_20367_2,1687,10
55_7_20085_2,1688,10
55_41_20350_2,1689,10
55_113_20271_1,1690,10
55_99_20093_1,1691,10
55_83_20279_4,1692,10
55_35_20325_1,1693,10
55_135_20350_4,1694,10
55_113_20059_4,1695,10
55_41_20298_2,1696,10
55_107_20313_2,1697,10
55_113_20396_1,1698,10
55_113_20158_1,1699,10
55_129_20016_4,1700,10
55_51_20386_2,1701,10
55_129_20419_1,1702,10
55_113_20190_3,1703,10
55_113_20541_4,1704,10
55_75_20194_1,1705,10
55_69_20378_2,1706,10
55_37_29013_2,1707,10
55_3_20338_1,1708,10
55_107_20254_4,1709,10
55_75_20068_2,1710,10
55_75_20730_3,1711,10
55_113_20145_2,1712,10
55_129_20268_4,1713,10
55_51_20348_1,1714,10
55_23_20216_1,1715,10
55_19_20290_3,1716,10
55_113_20315_1,1717,10
55_107_20302_2,1718,10
55_3_20278_2,1719,10
55_135_20318_1,1720,10
55_99_20478_2,1721,10
55_17_20074_1,1722,10
55_83_20458_2,1723,10
55_99_20544_2,1724,10
55_141_20053_1,1725,10
55_113_20509_1,1726,10
55_69_20419_2,1727,10
55_51_20141_4,1728,10
55_37_20120_1,1729,10
55_73_20648_1,1730,10
55_73_20343_4,1731,10
55_119_20013_4,1732,10
55_13_20464_3,1733,10
55_31_20564_3,1734,10
55_129_20314_4,1735,10
55_3_20594_4,1736,10
55_73_20665_2,1737,10
55_113_20521_2,1738,10
55_3_20553_1,1739,10
55_35_20296_4,1740,10
55_133_20214_1,1741,10
55_41_20086_2,1742,10
55_13_20199_2,1743,10
55_107_20375_2,1744,10
55_95_20455_3,1745,10
55_37_20101_3,1746,10
55_113_29006_4,1747,10
55_3_20193_2,1748,10
55_99_20446_4,1749,10
55_83_20485_2,1750,10
55_69_20253_2,1751,10
55_78_20215_1,1752,10
55_35_20173_2,1753,10
55_7_20182_1,1754,10
55_7_20424_4,1755,10
55_7_20695_3,1756,10
55_83_20433_2,1757,10
55_13_20327_1,1758,10
55_7_20171_3,1759,10
55_125_20387_4,1760,10
55_69_20438_2,1761,10
55_19_20519_1,1762,10
55_113_20103_1,1763,10
55_19_20546_4,1764,10
55_129_20074_1,1765,10
55_19_20436_1,1766,10
55_78_20034_1,1767,10
55_7_20234_4,1768,10
55_57_20016_1,1769,10
55_51_20337_4,1770,10
55_7_20320_1,1771,10
55_75_20038_3,1772,10
55_17_20298_1,1773,10
55_125_20495_2,1774,10
55_141_20381_1,1775,10
55_119_20087_3,1776,10
55_37_20020_3,1777,10
55_41_20395_1,1778,10
55_129_20205_4,1779,10
55_67_20177_2,1780,10
55_7_20648_4,1781,10
55_115_20089_1,1782,10
55_129_20220_4,1783,10
55_31_20550_4,1784,10
55_107_20371_2,1785,10
55_73_20441_4,1786,10
55_73_20802_2,1787,10
55_73_20645_3,1788,10
55_41_20364_1,1789,10
55_3_20111_3,1790,10
55_19_20257_3,1791,10
55_141_20127_4,1792,10
55_31_20178_4,1793,10
55_125_20143_1,1794,10
55_41_20209_2,1795,10
55_85_20093_3,1796,10
55_7_20528_2,1797,10
55_41_20343_1,1798,10
55_41_29015_1,1799,10
55_31_20581_1,1800,10
55_85_20447_3,1801,10
55_31_20315_4,1802,10
55_7_20715_3,1803,10
55_85_20470_3,1804,10
55_41_20356_3,1805,10
55_85_20038_4,1806,10
55_3_20054_3,1807,10
55_41_20388_1,1808,10
55_129_20414_4,1809,10
55_129_20058_1,1810,10
55_99_20006_4,1811,10
55_85_20551_1,1812,10
55_67_20147_3,1813,10
55_69_20159_1,1814,10
55_99_20444_1,1815,10
55_125_29019_4,1816,10
55_3_20504_2,1817,10
55_119_20465_3,1818,10
55_31_20007_2,1819,10
55_67_20329_2,1820,10
55_85_20503_3,1821,10
55_113_20414_1,1822,10
55_107_20376_2,1823,10
55_73_20105_4,1824,10
55_113_20592_2,1825,10
55_17_20095_2,1826,10
55_41_20252_1,1827,10
55_7_20099_3,1828,10
55_7_20573_2,1829,10
55_78_20123_4,1830,10
55_85_20396_4,1831,10
55_67_20201_1,1832,10
55_37_20104_1,1833,10
55_35_20273_2,1834,10
55_41_20134_2,1835,10
55_13_20372_1,1836,10
55_85_20486_3,1837,10
55_75_20485_4,1838,10
55_125_20345_1,1839,10
55_3_20331_1,1840,10
55_7_20040_4,1841,10
55_7_20621_3,1842,10
55_7_20544_4,1843,10
55_31_20116_3,1844,10
55_113_20504_1,1845,10
55_75_20020_3,1846,10
55_125_20378_3,1847,10
55_83_20293_3,1848,10
55_41_29020_2,1849,10
55_85_20575_2,1850,10
55_85_20577_2,1851,10
55_67_20445_1,1852,10
55_129_20446_2,1853,10
55_85_20493_3,1854,10
55_7_20255_2,1855,10
55_85_20658_3,1856,10
55_85_20505_1,1857,10
55_41_20318_3,1858,10
55_113_20493_2,1859,10
55_141_20179_1,1860,10
55_41_20372_4,1861,10
55_83_20155_1,1862,10
55_57_20061_1,1863,10
55_41_20294_2,1864,10
55_99_20599_1,1865,10
55_73_20175_3,1866,10
55_31_20671_2,1867,10
55_75_20612_4,1868,10
55_13_20368_4,1869,10
55_85_20634_4,1870,10
55_107_20203_4,1871,10
55_7_20158_1,1872,10
55_69_20010_4,1873,10
55_99_20460_2,1874,10
55_3_20307_4,1875,10
55_119_20146_3,1876,10
55_7_20656_4,1877,10
55_19_20045_4,1878,10
55_35_20252_1,1879,10
55_113_20588_4,1880,10
55_113_20591_3,1881,10
55_37_20234_4,1882,10
55_7_20484_1,1883,10
55_51_20388_2,1884,10
55_95_20449_2,1885,10
55_75_20375_3,1886,10
55_7_20635_4,1887,10
55_37_20230_1,1888,10
55_75_20389_2,1889,10
55_51_20300_4,1890,10
55_85_20621_2,1891,10
55_31_20126_3,1892,10
55_85_20507_1,1893,10
55_85_20610_1,1894,10
55_73_20681_2,1895,10
55_115_20292_3,1896,10
55_119_20441_2,1897,10
55_95_20336_1,1898,10
55_67_20281_3,1899,10
55_51_20295_4,1900,10
55_41_20352_4,1901,10
55_135_20311_4,1902,10
55_49_20328_3,1903,10
55_109_20128_2,1904,10
55_11_20271_3,1905,10
55_31_20673_2,1906,10
55_97_20157_2,1907,10
55_41_29064_4,1908,10
55_65_20252_4,1909,10
55_99_20545_1,1910,10
55_43_20558_1,1911,10
55_113_20536_2,1912,10
55_137_20155_2,1913,10
55_141_20222_3,1914,10
55_17_20433_4,1915,10
55_81_20469_2,1916,10
55_125_20383_4,1917,10
55_3_29007_2,1918,10
55_69_20187_4,1919,10
55_139_20282_3,1920,10
55_77_20097_3,1921,10
55_85_20557_4,1922,10
55_137_20138_3,1923,10
55_53_20437_4,1924,10
55_137_20326_3,1925,10
55_1_20069_1,1926,10
55_1_20026_4,1927,10
55_97_20181_4,1928,10
55_121_20336_3,1929,10
55_57_20159_2,1930,10
55_47_20094_1,1931,10
55_107_20060_4,1932,10
55_57_20212_3,1933,10
55_137_20293_4,1934,10
55_7_20270_2,1935,10
55_31_20060_2,1936,10
55_7_20759_4,1937,10
55_1_20095_3,1938,10
55_13_20045_2,1939,10
55_13_20075_1,1940,10
55_7_20303_3,1941,10
55_7_29036_3,1942,10
55_129_20226_2,1943,10
55_31_20643_1,1944,10
55_13_20272_3,1945,10
55_13_20173_4,1946,10
55_13_20422_4,1947,10
55_75_20687_4,1948,10
55_129_20399_3,1949,10
55_13_20219_4,1950,10
55_141_20303_1,1951,10
55_95_20440_2,1952,10
55_141_20369_4,1953,10
55_1_20259_4,1954,10
55_31_20167_3,1955,10
55_7_20434_3,1956,10
55_109_20319_3,1957,10
55_53_20038_3,1958,10
55_31_20404_1,1959,10
55_75_20387_2,1960,10
55_13_20425_4,1961,10
55_115_20018_1,1962,10
55_53_20505_1,1963,10
55_53_20203_4,1964,10
55_107_20291_3,1965,10
55_85_20579_3,1966,10
55_35_20321_4,1967,10
55_57_20394_2,1968,10
55_53_20196_1,1969,10
55_13_20457_2,1970,10
55_75_20193_4,1971,10
55_91_20083_3,1972,10
55_35_20143_2,1973,10
55_129_20416_4,1974,10
55_31_20609_3,1975,10
55_1_20315_3,1976,10
55_7_20619_4,1977,10
55_31_20498_3,1978,10
55_31_20413_1,1979,10
55_83_20321_2,1980,10
55_63_20204_1,1981,10
55_31_20594_3,1982,10
55_107_20155_2,1983,10
55_11_20168_2,1984,10
55_31_20295_2,1985,10
55_75_20626_2,1986,10
55_17_20273_1,1987,10
55_7_20453_1,1988,10
55_53_20011_3,1989,10
55_1_20255_4,1990,10
55_81_20096_3,1991,10
55_53_20080_4,1992,10
55_97_20345_4,1993,10
55_1_20168_4,1994,10
55_65_20292_3,1995,10
55_21_20100_3,1996,10
55_97_20328_3,1997,10
55_81_20392_4,1998,10
55_67_20413_3,1999,10
55_3_20584_2,2000,10
55_95_20460_4,2001,10
55_91_20229_1,2002,10
55_3_20035_1,2003,10
55_73_20296_1,2004,10
55_109_20111_3,2005,10
55_81_20321_2,2006,10
55_113_20113_3,2007,10
55_137_20080_3,2008,10
55_95_20185_1,2009,10
55_129_20378_3,2010,10
55_45_20236_3,2011,10
55_81_20352_2,2012,10
55_43_20308_1,2013,10
55_117_20026_1,2014,10
55_95_20389_1,2015,10
55_93_20279_4,2016,10
55_11_20321_3,2017,10
55_121_20046_4,2018,10
55_81_20285_4,2019,10
55_141_20279_1,2020,10
55_45_20199_4,2021,10
55_63_20002_2,2022,10
55_119_20425_1,2023,10
55_43_20463_4,2024,10
55_113_20215_4,2025,10
55_13_20392_4,2026,10
55_41_20326_2,2027,10
55_63_20135_3,2028,10
55_43_20564_3,2029,10
55_78_20085_4,2030,10
55_11_20320_3,2031,10
55_61_20029_1,2032,10
55_39_20199_3,2033,10
55_105_20221_3,2034,10
55_43_20461_2,2035,10
55_49_20147_3,2036,10
55_111_20332_2,2037,10
55_137_20033_2,2038,10
55_121_20106_1,2039,10
55_11_20170_1,2040,10
55_49_20325_2,2041,10
55_43_20410_1,2042,10
55_87_20237_2,2043,10
55_43_20425_3,2044,10
55_73_20166_2,2045,10
55_5_20342_1,2046,10
55_105_20006_1,2047,10
55_25_20226_3,2048,10
55_111_20278_4,2049,10
55_121_20239_1,2050,10
55_137_20147_4,2051,10
55_135_20088_3,2052,10
55_19_20110_2,2053,10
55_75_20310_4,2054,10
55_17_20415_1,2055,10
55_53_20459_2,2056,10
55_91_20231_3,2057,10
55_23_20212_3,2058,10
55_115_20012_3,2059,10
55_87_20005_3,2060,10
55_21_20302_3,2061,10
55_123_20030_3,2062,10
55_9_20266_1,2063,10
55_47_20074_4,2064,10
55_73_20538_2,2065,10
55_39_20293_2,2066,10
55_33_20381_4,2067,10
55_137_20131_2,2068,10
55_49_20128_4,2069,10
55_73_20452_4,2070,10
55_23_20264_3,2071,10
55_123_20159_4,2072,10
55_131_20117_1,2073,10
55_67_20191_4,2074,10
55_39_20366_3,2075,10
55_63_20075_1,2076,10
55_57_20396_3,2077,10
55_115_20156_4,2078,10
55_65_20173_4,2079,10
55_23_20053_3,2080,10
55_81_20110_3,2081,10
55_81_20309_2,2082,10
55_81_20376_2,2083,10
55_5_20409_4,2084,10
55_17_20016_1,2085,10
55_123_20100_4,2086,10
55_81_20257_1,2087,10
55_111_20330_2,2088,10
55_35_20303_2,2089,10
55_97_20263_3,2090,10
55_25_20488_4,2091,10
55_75_20143_3,2092,10
55_29_20150_1,2093,10
55_21_20264_4,2094,10
55_81_20463_4,2095,10
55_69_20484_3,2096,10
55_119_20419_3,2097,10
55_29_20465_3,2098,10
55_49_20333_4,2099,10
55_7_20650_4,2100,10
55_51_20401_4,2101,10
55_3_20227_2,2102,10
55_67_20319_1,2103,10
55_55_20082_3,2104,10
55_99_20073_1,2105,10
55_21_20301_1,2106,10
55_29_20084_1,2107,10
55_75_20606_3,2108,10
55_75_20247_4,2109,10
55_129_20339_4,2110,10
55_69_20098_1,2111,10
55_19_20111_3,2112,10
55_63_20234_3,2113,10
55_121_20269_3,2114,10
55_107_20225_4,2115,10
55_75_20481_1,2116,10
55_85_20153_2,2117,10
55_87_20283_3,2118,10
55_99_20592_4,2119,10
55_7_20753_4,2120,10
55_7_20377_3,2121,10
55_135_20182_3,2122,10
55_5_20264_4,2123,10
55_81_20432_2,2124,10
55_83_20319_4,2125,10
55_73_20530_1,2126,10
55_119_20286_4,2127,10
55_99_20331_3,2128,11
55_73_20812_3,2129,11
55_99_20074_4,2130,11
55_41_20396_1,2131,11
55_67_20466_2,2132,11
55_3_20097_1,2133,11
55_78_20095_1,2134,11
55_115_20007_3,2135,11
55_75_20776_4,2136,11
55_75_20749_2,2137,11
55_141_20404_3,2138,11
55_19_20383_1,2139,11
55_123_20117_1,2140,11
55_135_20185_4,2141,11
55_53_20326_3,2142,11
55_78_20242_2,2143,11
55_99_20137_4,2144,11
55_1_20252_4,2145,11
55_19_20175_1,2146,11
55_75_20775_4,2147,11
55_119_20038_3,2148,11
55_107_10485_3,2149,11
55_7_20755_1,2150,11
55_113_20511_4,2151,11
55_67_20085_3,2152,11
55_129_20453_3,2153,11
55_41_20214_3,2154,11
55_31_20103_1,2155,11
55_31_20187_2,2156,11
55_31_20714_4,2157,11
55_7_20747_3,2158,11
55_7_29045_3,2159,11
55_111_20291_1,2160,11
55_9_20168_2,2161,11
55_113_20644_4,2162,11
55_41_20077_4,2163,11
55_73_20526_1,2164,11
55_67_20254_3,2165,11
55_119_20469_3,2166,11
55_73_20549_1,2167,11
55_67_20440_2,2168,11
55_129_20330_4,2169,11
55_93_20218_3,2170,11
55_69_20362_2,2171,11
55_17_20519_3,2172,11
55_37_20167_4,2173,11
55_3_20633_1,2174,11
55_41_29042_1,2175,11
55_125_20326_2,2176,11
55_129_20221_4,2177,11
55_85_20353_1,2178,11
55_125_20491_1,2179,11
55_37_20007_3,2180,11
55_41_20401_4,2181,11
55_45_20284_4,2182,11
55_1_20012_1,2183,11
55_75_20746_2,2184,11
55_1_20125_3,2185,11
55_141_20201_1,2186,11
55_99_20104_1,2187,11
55_43_20559_4,2188,11
55_23_20166_1,2189,11
55_77_20182_4,2190,11
55_121_20079_2,2191,11
55_21_20382_2,2192,11
55_29_20162_2,2193,15
55_51_20130_3,2194,15
55_51_20060_3,2195,15
55_83_20208_3,2196,15
55_99_20486_1,2197,15
55_3_20048_2,2198,15
55_113_20206_2,2199,15
55_41_29034_4,2200,15
55_113_20028_2,2201,15
55_69_20329_4,2202,15
55_31_20584_3,2203,15
55_85_20505_1,2204,15
55_125_20283_1,2205,15
55_3_29037_4,2206,15
55_7_20567_4,2207,15
55_67_20372_2,2208,15
55_67_20064_2,2209,15
55_7_20171_3,2210,15
55_7_20635_4,2211,15
55_85_20178_1,2212,15
55_69_20114_4,2213,15
55_51_20359_1,2214,15
55_119_20347_4,2215,15
55_125_20399_1,2216,15
55_113_20368_1,2217,15
55_67_20373_1,2218,15
55_51_20240_1,2219,15
55_49_20294_1,2220,15
55_1_20259_4,2221,15
55_69_20249_2,2222,15
55_135_20313_4,2223,15
55_3_20532_1,2224,15
55_1_20071_2,2225,15
55_57_20345_1,2226,15
55_51_20234_1,2227,15
55_135_20316_1,2228,15
55_81_20110_3,2229,15
55_19_20372_2,2230,15
55_17_20288_3,2231,15
55_7_20381_3,2232,15
55_107_20224_2,2233,15
55_1_20193_4,2234,15
55_19_20257_3,2235,15
55_85_20266_1,2236,15
55_69_20129_1,2237,15
55_119_20381_1,2238,15
55_7_20492_4,2239,15
55_7_20156_3,2240,15
55_99_20466_4,2241,15
55_13_20369_1,2242,15
55_95_20116_3,2243,15
55_41_20234_3,2244,15
55_75_20026_1,2245,15
55_113_20503_2,2246,15
55_69_20381_2,2247,15
55_107_20038_1,2248,15
55_23_20229_3,2249,15
55_7_20634_3,2250,15
55_41_20311_4,2251,15
55_3_20059_4,2252,15
55_113_20215_4,2253,15
55_51_20123_3,2254,15
55_31_20600_2,2255,15
55_41_20126_1,2256,15
55_125_20395_3,2257,15
55_19_20410_2,2258,15
55_57_20342_3,2259,15
55_7_20278_3,2260,15
55_99_20313_4,2261,15
55_31_20564_3,2262,15
55_65_20127_4,2263,15
55_81_20387_1,2264,15
55_73_20530_1,2265,15
55_87_20038_2,2266,15
55_119_20042_4,2267,15
55_119_20184_2,2268,15
55_31_20001_4,2269,15
55_71_20023_2,2270,15
55_115_20358_2,2271,15
55_119_20383_4,2272,15
55_119_20019_1,2273,15
55_119_20146_3,2274,15
55_13_20395_1,2275,15
55_93_20229_3,2276,15
55_19_20184_3,2277,15
55_75_20075_4,2278,15
55_75_20071_3,2279,15
55_103_20235_4,2280,15
55_5_20344_1,2281,15
55_41_20293_3,2282,15
55_99_20117_1,2283,15
55_3_20193_2,2284,15
55_141_20053_1,2285,15
55_51_20337_4,2286,15
55_19_20519_1,2287,15
55_129_20357_4,2288,15
55_31_20530_1,2289,15
55_85_20078_2,2290,15
55_113_20272_4,2291,15
55_85_20382_3,2292,15
55_141_20173_2,2293,15
55_51_20266_2,2294,15
55_107_20371_2,2295,15
55_13_20372_1,2296,15
55_85_20503_3,2297,15
55_99_20327_3,2298,15
55_77_20208_3,2299,15
55_31_20115_3,2300,15
55_11_20281_2,2301,15
55_17_20433_4,2302,15
55_53_20036_1,2303,15
55_81_20066_2,2304,15
55_57_20344_2,2305,15
55_13_20075_1,2306,15
55_81_20296_4,2307,15
55_73_20632_3,2308,15
55_57_20149_2,2309,15
55_81_20385_3,2310,15
55_45_20236_3,2311,15
55_11_20105_4,2312,15
55_75_20587_1,2313,15
55_33_20331_2,2314,15
55_93_20123_2,2315,15
55_23_20059_3,2316,15
55_49_20147_3,2317,15
55_15_20007_4,2318,15
55_81_20376_2,2319,15
55_123_20030_3,2320,15
55_129_20049_2,2321,15
55_7_20652_2,2322,16
55_7_20326_2,2323,16
55_69_20159_1,2324,16
55_41_29033_4,2325,16
55_125_20027_1,2326,16
55_31_20561_3,2327,16
55_7_20583_3,2328,16
55_119_20075_4,2329,16
55_51_20255_1,2330,16
55_37_20207_4,2331,16
55_31_20390_1,2332,16
55_85_20396_4,2333,16
55_83_20030_4,2334,16
55_125_20003_2,2335,16
55_3_20002_3,2336,16
55_67_20230_3,2337,16
55_113_20332_4,2338,16
55_125_20396_1,2339,16
55_135_20077_2,2340,16
55_31_20365_4,2341,16
55_31_20401_1,2342,16
55_51_20187_2,2343,16
55_3_20227_2,2344,16
55_107_20164_4,2345,16
55_51_20388_2,2346,16
55_125_20167_2,2347,16
55_7_20053_4,2348,16
55_51_20233_4,2349,16
55_67_20315_3,2350,16
55_31_20552_1,2351,16
55_125_20412_2,2352,16
55_7_20247_1,2353,16
55_41_29057_4,2354,16
55_69_20375_2,2355,16
55_69_20110_1,2356,16
55_75_20223_3,2357,16
55_41_29023_3,2358,16
55_85_20336_1,2359,16
55_3_20224_2,2360,16
55_7_20618_1,2361,16
55_51_20209_2,2362,16
55_67_20273_2,2363,16
55_51_20274_2,2364,16
55_107_20392_2,2365,16
55_113_20131_3,2366,16
55_3_20507_1,2367,16
55_7_20654_1,2368,16
55_113_20470_4,2369,16
55_37_20092_1,2370,16
55_115_20033_1,2371,16
55_3_20235_4,2372,16
55_83_20293_3,2373,16
55_7_20640_1,2374,16
55_75_20188_2,2375,16
55_41_29079_2,2376,16
55_37_29010_3,2377,16
55_31_20598_3,2378,16
55_113_20140_3,2379,16
55_31_20638_1,2380,16
55_7_20330_4,2381,16
55_75_20410_2,2382,16
55_69_20434_1,2383,16
55_69_20074_4,2384,16
55_7_20075_4,2385,16
55_3_20157_1,2386,16
55_75_20679_4,2387,16
55_7_20641_1,2388,16
55_67_20196_2,2389,16
55_99_20199_2,2390,16
55_99_20502_3,2391,16
55_75_20246_1,2392,16
55_95_20058_1,2393,16
55_53_20127_1,2394,16
55_85_20477_3,2395,16
55_3_20015_2,2396,16
55_31_20409_3,2397,16
55_113_20451_2,2398,16
55_3_20264_2,2399,16
55_87_20242_4,2400,16
55_51_20175_3,2401,16
55_73_20527_4,2402,16
55_85_20515_1,2403,16
55_7_20646_2,2404,16
55_125_20337_3,2405,16
55_7_20011_3,2406,16
55_3_20043_4,2407,16
55_75_20531_4,2408,16
55_71_20160_1,2409,16
55_99_20065_3,2410,16
55_85_20429_3,2411,16
55_41_20319_1,2412,16
55_3_20585_2,2413,16
55_51_20317_3,2414,16
55_85_20527_2,2415,16
55_85_20564_2,2416,16
55_85_20162_1,2417,16
55_67_20357_4,2418,16
55_113_20498_3,2419,16
55_51_20214_4,2420,16
55_85_20524_1,2421,16
55_51_20162_4,2422,16
55_85_20331_2,2423,16
55_41_20022_3,2424,16
55_7_20519_4,2425,16
55_35_20130_2,2426,16
55_31_20356_2,2427,16
55_53_20193_3,2428,16
55_75_20524_1,2429,16
55_113_20211_1,2430,16
55_85_20469_1,2431,16
55_1_20092_2,2432,16
55_11_20044_4,2433,16
55_115_20034_1,2434,16
55_75_20612_4,2435,16
55_57_20329_1,2436,16
55_53_20401_1,2437,16
55_35_20047_2,2438,16
55_53_20068_1,2439,16
55_35_20273_2,2440,16
55_141_20078_2,2441,16
55_31_20167_3,2442,16
55_31_20596_1,2443,16
55_129_20380_3,2444,16
55_5_20073_1,2445,16
55_53_20403_4,2446,16
55_83_20438_4,2447,16
55_125_20021_4,2448,16
55_35_20180_3,2449,16
55_53_20471_3,2450,16
55_19_20373_1,2451,16
55_19_20557_4,2452,16
55_125_20404_1,2453,16
55_57_20205_3,2454,16
55_53_20309_3,2455,16
55_81_20226_3,2456,16
55_19_20502_3,2457,16
55_135_20314_2,2458,16
55_83_20016_4,2459,16
55_67_20318_2,2460,16
55_115_20314_2,2461,16
55_29_20453_1,2462,16
55_71_20090_4,2463,16
55_117_20026_1,2464,16
55_41_20317_3,2465,16
55_3_20584_2,2466,16
55_78_20007_4,2467,16
55_119_20114_3,2468,16
55_78_20212_3,2469,16
55_121_20335_3,2470,16
55_23_20234_4,2471,16
55_105_20221_3,2472,16
55_85_20050_3,2473,16
55_17_20441_4,2474,16
55_53_20040_1,2475,16
55_129_20268_4,2476,16
55_129_20255_2,2477,16
55_7_20644_4,2478,16
55_57_20017_4,2479,16
55_113_20507_3,2480,16
55_31_20126_3,2481,16
55_113_20082_4,2482,16
55_13_20263_1,2483,16
55_78_20211_1,2484,16
55_85_20559_4,2485,16
55_73_20556_3,2486,16
55_31_20163_4,2487,16
55_37_20114_1,2488,16
55_37_20138_2,2489,16
55_113_20469_3,2490,16
55_57_20385_1,2491,16
55_107_20395_2,2492,16
55_73_20766_3,2493,16
55_3_20320_1,2494,16
55_51_20102_3,2495,16
55_69_20385_2,2496,16
55_78_20128_2,2497,16
55_31_20661_3,2498,16
55_37_20139_4,2499,16
55_41_20297_1,2500,16
55_75_20667_4,2501,16
55_99_20548_2,2502,16
55_78_20010_4,2503,16
55_83_20182_1,2504,16
55_125_20380_1,2505,16
55_35_20253_3,2506,16
55_113_20353_4,2507,16
55_19_20492_3,2508,16
55_7_20322_4,2509,16
55_119_29022_1,2510,16
55_13_20399_4,2511,16
55_107_20393_4,2512,16
55_129_20358_4,2513,16
55_73_20105_4,2514,16
55_51_20355_3,2515,16
55_7_20606_3,2516,16
55_13_20397_2,2517,16
55_115_20101_3,2518,16
55_71_20340_3,2519,16
55_3_20331_1,2520,16
55_99_20487_1,2521,16
55_7_20573_2,2522,16
55_107_20103_4,2523,16
55_99_20460_2,2524,16
55_75_20329_4,2525,16
55_69_20333_4,2526,16
55_75_20226_2,2527,16
55_7_20484_1,2528,16
55_7_20643_2,2529,16
55_83_20388_3,2530,16
55_19_20060_4,2531,16
55_113_20327_2,2532,16
55_7_20451_3,2533,16
55_85_20611_3,2534,16
55_7_20718_3,2535,16
55_129_20365_2,2536,16
55_129_20264_4,2537,16
55_115_20176_4,2538,16
55_31_20136_2,2539,16
55_125_20089_3,2540,16
55_31_20518_2,2541,16
55_73_20171_4,2542,16
55_113_20482_1,2543,16
55_83_29016_4,2544,16
55_7_20369_1,2545,16
55_7_20094_2,2546,16
55_69_20425_2,2547,16
55_51_20287_1,2548,16
55_75_20579_3,2549,16
55_67_20416_3,2550,16
55_3_20052_4,2551,16
55_67_20339_1,2552,16
55_33_20246_4,2553,16
55_51_20032_1,2554,16
55_13_20209_3,2555,16
55_41_20015_3,2556,16
55_5_20374_2,2557,16
55_107_20369_4,2558,16
55_125_20273_3,2559,16
55_111_20098_2,2560,16
55_41_20142_1,2561,16
55_31_20295_2,2562,16
55_123_20261_4,2563,16
55_85_20138_3,2564,16
55_135_20301_1,2565,16
55_117_20072_4,2566,16
55_3_20278_2,2567,16
55_78_20222_1,2568,16
55_119_20066_4,2569,16
55_3_20216_2,2570,16
55_99_29018_1,2571,16
55_3_20327_1,2572,16
55_99_20471_3,2573,16
55_3_20411_4,2574,16
55_83_20394_2,2575,16
55_7_20645_1,2576,16
55_51_20402_4,2577,16
55_113_20534_4,2578,16
55_31_20484_1,2579,16
55_83_20127_2,2580,16
55_13_20152_2,2581,16
55_33_20339_4,2582,16
55_107_20377_2,2583,16
55_37_20094_3,2584,16
55_99_20006_4,2585,16
55_7_20702_2,2586,16
55_73_20203_1,2587,16
55_3_20271_3,2588,16
55_31_20604_4,2589,16
55_95_20448_4,2590,16
55_7_20468_2,2591,16
55_85_20492_1,2592,16
55_141_20384_3,2593,16
55_25_20588_1,2594,16
55_123_20107_3,2595,16
55_69_20063_3,2596,16
55_77_20149_2,2597,16
55_103_20145_3,2598,16
55_83_20433_2,2599,16
55_63_20135_3,2600,16
55_81_20393_4,2601,16
55_81_20352_2,2602,16
55_41_20081_2,2603,16
55_41_20025_3,2604,16
55_5_20349_2,2605,16
55_25_20008_4,2606,16
55_99_20403_4,2607,16
55_119_20379_2,2608,16
55_99_20478_2,2609,16
55_113_20546_1,2610,16
55_99_20495_1,2611,16
55_19_20420_3,2612,16
55_123_20316_1,2613,16
55_133_20179_4,2614,16
55_119_20376_1,2615,16
55_7_29027_3,2616,16
55_99_20479_4,2617,16
55_41_20132_2,2618,16
55_141_20329_4,2619,16
55_27_20084_1,2620,16
55_123_20286_1,2621,16
55_99_20490_1,2622,16
55_111_20115_1,2623,16
55_41_20083_3,2624,16
55_119_20425_1,2625,16
55_109_20065_2,2626,16
55_119_20291_3,2627,16
55_7_20073_3,2628,16
55_7_20099_3,2629,16
55_71_20329_3,2630,16
55_99_20223_4,2631,16
55_81_20215_3,2632,16
55_107_20268_2,2633,16
55_75_20051_2,2634,16
55_75_20378_4,2635,16
55_75_20074_4,2636,16
55_67_20371_3,2637,16
55_119_20255_1,2638,16
55_111_20278_4,2639,16
55_67_20358_4,2640,16
55_69_20386_3,2641,16
55_49_20237_4,2642,16
55_75_20462_3,2643,16
55_15_20243_2,2644,16
55_89_20333_2,2645,16
55_83_20106_4,2646,16
55_55_20026_1,2647,16
55_81_20309_2,2648,16
55_19_20389_2,2649,16
55_53_20263_3,2650,16
55_99_20503_1,2651,16
55_107_20055_2,2652,16
55_75_20485_4,2653,16
55_69_20421_4,2654,16
55_41_20347_3,2655,16
55_49_20321_2,2656,16
55_67_20074_4,2657,16
55_135_20318_1,2658,16
55_113_20149_2,2659,16
55_113_20541_4,2660,16
55_78_20064_3,2661,16
55_3_20594_4,2662,16
55_37_20214_3,2663,16
55_113_20521_2,2664,16
55_75_20611_2,2665,16
55_113_20280_3,2666,16
55_113_20606_2,2667,16
55_41_20286_3,2668,16
55_75_20322_2,2669,16
55_73_20648_1,2670,16
55_41_20310_3,2671,16
55_19_20479_3,2672,16
55_99_20446_4,2673,16
55_37_20203_4,2674,16
55_7_20648_4,2675,16
55_113_20535_4,2676,16
55_73_20356_3,2677,16
55_113_20584_3,2678,16
55_129_20412_4,2679,16
55_119_20177_2,2680,16
55_67_20052_2,2681,16
55_113_20322_2,2682,16
55_78_20224_2,2683,16
55_75_20433_1,2684,16
55_129_20028_1,2685,16
55_99_20350_1,2686,16
55_73_20643_3,2687,16
55_125_20119_1,2688,16
55_75_20366_4,2689,16
55_125_20169_1,2690,16
55_85_20554_4,2691,16
55_7_20060_2,2692,16
55_13_20141_3,2693,16
55_13_20117_2,2694,16
55_99_20467_2,2695,16
55_13_20009_2,2696,16
55_7_20453_1,2697,16
55_129_20360_1,2698,16
55_13_20424_1,2699,16
55_37_20039_1,2700,16
55_13_20056_4,2701,16
55_7_20167_1,2702,16
55_67_20177_2,2703,16
55_85_20575_2,2704,16
55_41_20059_2,2705,16
55_113_20504_1,2706,16
55_7_20391_2,2707,16
55_7_20656_4,2708,16
55_69_20207_3,2709,16
55_41_29020_2,2710,16
55_51_20339_4,2711,16
55_85_20447_3,2712,16
55_83_20171_2,2713,16
55_85_20046_1,2714,16
55_85_20582_1,2715,16
55_31_20550_4,2716,16
55_129_20058_1,2717,16
55_41_20356_3,2718,16
55_107_20389_4,2719,16
55_73_20358_1,2720,16
55_99_20427_1,2721,16
55_75_20724_1,2722,16
55_53_20203_4,2723,16
55_67_20392_2,2724,16
55_51_20361_4,2725,16
55_119_20053_4,2726,16
55_75_20399_2,2727,16
55_107_20376_2,2728,16
55_13_20350_1,2729,16
55_113_20414_1,2730,16
55_129_20379_3,2731,16
55_41_20318_3,2732,16
55_67_20335_3,2733,16
55_7_20255_2,2734,16
55_37_20237_2,2735,16
55_75_20577_4,2736,16
55_99_20534_1,2737,16
55_41_20303_1,2738,16
55_85_20470_3,2739,16
55_31_20290_1,2740,16
55_107_20380_4,2741,16
55_85_20167_2,2742,16
55_31_20438_4,2743,16
55_37_20128_2,2744,16
55_7_20182_1,2745,16
55_85_20551_1,2746,16
55_75_20426_4,2747,16
55_69_20010_4,2748,16
55_85_20504_3,2749,16
55_85_20079_3,2750,16
55_73_20667_3,2751,16
55_99_20218_4,2752,16
55_113_20536_2,2753,16
55_75_20185_1,2754,16
55_17_20095_2,2755,16
55_31_20214_1,2756,16
55_113_20588_4,2757,16
55_51_20281_2,2758,16
55_141_20222_3,2759,16
55_31_20655_2,2760,16
55_119_29016_4,2761,16
55_53_20175_2,2762,16
55_137_20155_2,2763,16
55_13_20393_4,2764,16
55_53_20122_2,2765,16
55_3_20531_4,2766,16
55_51_20314_1,2767,16
55_141_20344_4,2768,16
55_99_20151_1,2769,16
55_5_20195_3,2770,16
55_31_20226_1,2771,16
55_111_20173_1,2772,16
55_129_20409_4,2773,16
55_41_20294_2,2774,16
55_97_20352_1,2775,16
55_11_20271_3,2776,16
55_3_20268_4,2777,16
55_41_29037_1,2778,16
55_137_20261_4,2779,16
55_7_20472_1,2780,16
55_85_20093_3,2781,16
55_77_20097_3,2782,16
55_131_20208_3,2783,16
55_81_20105_1,2784,16
55_25_20294_4,2785,16
55_13_20379_3,2786,16
55_129_20465_2,2787,16
55_73_20605_3,2788,16
55_35_20275_1,2789,16
55_141_20380_2,2790,16
55_53_20196_1,2791,16
55_141_20127_4,2792,16
55_137_20292_4,2793,16
55_31_20007_2,2794,16
55_7_20270_2,2795,16
55_31_20674_3,2796,16
55_7_29036_3,2797,16
55_7_20686_1,2798,16
55_53_20119_4,2799,16
55_13_20425_4,2800,16
55_75_20674_2,2801,16
55_13_20163_3,2802,16
55_17_20244_1,2803,16
55_129_20384_4,2804,16
55_75_20616_4,2805,16
55_95_20440_2,2806,16
55_7_20096_4,2807,16
55_57_20061_1,2808,16
55_57_20031_3,2809,16
55_31_20338_2,2810,16
55_129_20399_3,2811,16
55_107_20060_4,2812,16
55_123_20231_1,2813,16
55_83_20393_3,2814,16
55_113_20123_3,2815,16
55_63_20031_1,2816,16
55_137_20183_1,2817,16
55_75_20068_2,2818,16
55_125_29012_3,2819,16
55_53_20143_2,2820,16
55_75_20443_3,2821,16
55_81_20400_3,2822,16
55_137_20045_2,2823,16
55_121_20290_4,2824,16
55_81_20432_2,2825,16
55_1_20196_3,2826,16
55_1_20060_3,2827,16
55_1_20292_4,2828,16
55_35_20267_4,2829,16
55_73_20013_2,2830,16
55_23_20072_2,2831,16
55_43_20423_4,2832,16
55_131_20020_3,2833,16
55_91_20221_1,2834,16
55_1_20273_4,2835,16
55_111_20067_4,2836,16
55_135_20058_1,2837,16
55_73_20508_2,2838,16
55_33_20341_1,2839,16
55_45_20241_3,2840,16
55_115_20236_1,2841,16
55_99_20457_1,2842,16
55_93_20156_3,2843,16
55_23_20086_2,2844,16
55_105_20296_1,2845,16
55_63_20004_4,2846,16
55_119_20022_3,2847,16
55_23_20212_3,2848,16
55_129_20227_2,2849,16
55_91_20046_2,2850,16
55_95_20441_1,2851,16
55_105_20006_1,2852,16
55_75_20567_1,2853,16
55_69_20380_1,2854,16
55_73_20681_2,2855,16
55_87_20005_3,2856,16
55_123_20110_2,2857,16
55_23_20131_1,2858,16
55_47_20074_4,2859,16
55_23_20124_1,2860,16
55_113_20542_3,2861,16
55_23_20260_3,2862,16
55_41_20352_4,2863,16
55_25_20042_3,2864,16
55_1_20103_2,2865,16
55_113_20540_1,2866,16
55_9_20261_4,2867,16
55_33_20143_2,2868,16
55_123_20236_2,2869,16
55_115_20332_1,2870,16
55_93_20233_4,2871,16
55_67_20019_4,2872,16
55_83_20200_2,2873,16
55_115_20404_4,2874,16
55_75_20662_4,2875,16
55_11_20310_1,2876,16
55_25_20169_2,2877,16
55_41_20168_2,2878,16
55_81_20423_4,2879,16
55_111_20403_2,2880,16
55_49_20333_4,2881,16
55_13_20422_4,2882,16
55_75_20606_3,2883,16
55_19_20436_1,2884,16
55_63_20234_3,2885,16
55_85_20153_2,2886,16
55_7_20693_3,2887,16
55_35_20143_2,2888,16
55_85_20558_1,2889,17
55_83_29002_1,2890,17
55_119_20415_2,2891,17
55_99_20525_2,2892,17
55_51_20046_4,2893,17
55_3_20169_2,2894,17
55_75_20251_2,2895,17
55_83_20315_4,2896,17
55_99_20370_1,2897,17
55_85_20474_2,2898,17
55_69_20426_4,2899,17
55_29_20483_1,2900,17
55_51_20108_3,2901,17
55_51_20114_1,2902,17
55_99_20227_1,2903,17
55_69_20089_3,2904,17
55_113_29013_3,2905,17
55_99_20130_4,2906,17
55_69_20424_3,2907,17
55_137_20147_4,2908,17
55_125_20087_3,2909,17
55_99_20541_2,2910,17
55_113_20147_1,2911,17
55_129_20370_3,2912,17
55_85_20227_3,2913,17
55_13_20003_4,2914,17
55_97_20099_4,2915,17
55_85_20287_2,2916,17
55_75_20561_4,2917,17
55_53_20466_1,2918,17
55_21_20346_3,2919,17
55_97_20073_1,2920,17
55_35_20002_4,2921,17
55_78_20059_3,2922,17
55_137_20080_3,2923,17
55_53_20212_2,2924,17
55_83_20432_3,2925,17
55_29_20104_2,2926,17
55_57_20166_1,2927,17
55_75_20425_1,2928,17
55_31_20650_4,2929,17
55_31_20643_1,2930,17
55_53_20467_1,2931,17
55_67_20248_2,2932,17
55_135_20085_3,2933,17
55_7_20046_3,2934,17
55_3_20126_4,2935,17
55_1_20257_3,2936,17
55_53_20469_1,2937,17
55_51_20207_2,2938,17
55_41_20056_3,2939,17
55_113_20113_3,2940,17
55_113_20392_1,2941,17
55_75_20014_4,2942,17
55_99_20007_1,2943,17
55_63_20200_3,2944,17
55_125_20446_1,2945,17
55_7_20411_4,2946,17
55_31_20644_2,2947,17
55_73_20719_1,2948,17
55_109_20111_3,2949,17
55_45_20244_1,2950,17
55_31_20171_3,2951,17
55_41_29055_1,2952,17
55_51_20386_2,2953,17
55_78_20003_1,2954,17
55_7_20536_4,2955,17
55_113_20579_2,2956,17
55_103_20150_3,2957,17
55_123_20324_4,2958,17
55_129_20326_4,2959,17
55_17_20064_1,2960,17
55_78_20071_3,2961,17
55_93_20260_2,2962,17
55_111_20191_2,2963,17
55_41_20358_3,2964,17
55_113_20543_4,2965,17
55_95_20363_1,2966,17
55_119_20428_4,2967,17
55_17_20019_2,2968,17
55_41_20348_1,2969,17
55_5_20178_2,2970,17
55_141_20098_2,2971,17
55_87_20030_3,2972,17
55_119_20351_2,2973,17
55_23_20168_3,2974,17
55_73_20684_2,2975,17
55_113_20145_2,2976,17
55_51_20382_4,2977,17
55_113_20409_1,2978,17
55_115_20269_2,2979,17
55_129_20377_3,2980,17
55_113_20274_3,2981,17
55_113_20396_1,2982,17
55_113_20144_1,2983,17
55_7_20085_2,2984,17
55_67_20292_1,2985,17
55_63_20233_1,2986,17
55_107_20020_2,2987,17
55_73_20191_2,2988,17
55_53_20078_4,2989,17
55_19_20044_3,2990,17
55_73_20737_2,2991,17
55_41_20057_1,2992,17
55_129_20411_4,2993,17
55_31_20178_4,2994,17
55_13_20427_3,2995,17
55_75_20665_4,2996,17
55_141_20193_1,2997,17
55_67_20201_1,2998,17
55_41_29015_1,2999,17
55_85_20209_4,3000,17
55_51_20300_4,3001,17
55_75_20375_3,3002,17
55_37_20230_1,3003,17
55_31_20116_3,3004,17
55_17_20474_2,3005,17
55_141_20369_4,3006,17
55_113_20139_2,3007,17
55_49_20328_3,3008,17
55_41_20152_3,3009,17
55_63_20229_4,3010,17
55_35_20287_2,3011,17
55_77_20006_2,3012,17
55_135_20345_2,3013,17
55_97_20025_1,3014,17
55_81_20430_4,3015,17
55_1_20299_2,3016,17
55_79_20022_1,3017,17
55_107_20012_2,3018,17
55_137_20088_2,3019,17
55_115_20365_3,3020,17
55_41_20326_2,3021,17
55_57_20200_1,3022,17
55_91_20065_2,3023,17
55_87_20276_1,3024,17
55_67_20226_4,3025,17
55_133_20176_2,3026,17
55_123_20343_1,3027,17
55_11_20076_3,3028,17
55_49_20324_3,3029,17
55_11_20250_1,3030,17
55_11_20011_4,3031,17
55_95_20449_2,3032,17
55_75_20193_4,3033,17
